<?xml version="1.0" encoding="UTF-8"?>
<beans xmlns="http://www.springframework.org/schema/beans"
	xmlns:xsi="http://www.w3.org/2001/XMLSchema-instance"
	xmlns:context="http://www.springframework.org/schema/context"
	xsi:schemaLocation="
		http://www.springframework.org/schema/beans https://www.springframework.org/schema/beans/spring-beans.xsd
		http://www.springframework.org/schema/context https://www.springframework.org/schema/context/spring-context.xsd">

	<!-- web과 관련된 설정 -->
	
	<!-- 뷰리졸버 -->
	<bean class="org.springframework.web.servlet.view.InternalResourceViewResolver">
		<property name="prefix" value="/WEB-INF/view/"></property>
		<property name="suffix" value=".jsp"></property>
	</bean>
	
	<!-- 핸들러매핑은 기본적으로 등록되어 있는게 있어서 생략 -->
	
	<!-- 컨트롤러 -->
	<context:component-scan base-package="com.ssafy.mvc.controller"></context:component-scan>
	
	
	
	

</beans>